grado_txt,nombre,n,upm.completo,media.ingenuo,media.solo_pesos,media.completo,ee.ingenuo,ee.solo_pesos,ee.completo,deff.solo_pesos,deff.completo,razon_ee_completo_vs_pesos,razon_ee_completo_vs_ingenuo,n_efectivo,m_por_upm,rho_kish
4.º EGB,Ciencias Naturales,12088,426,675.0353242885507,670.2743418356868,670.2743418356868,0.5569931910184269,0.9194879457495139,3.4534170416335,2.72474971441552,38.4355049551834,3.755804584059525,6.200106387870101,314.50087657479355,28.375586854460092,0.47875021431758896
4.º EGB,Estudios Sociales,12125,426,685.088824742268,678.2932790708803,678.2932790708803,0.8898171107853993,1.4012204222238467,4.953364463372119,2.6015090252968576,32.50970198660436,3.535035876447434,5.566721973912167,372.96558439680905,28.462441314553992,0.4186255153389368
4.º EGB,Lengua y Literatura,12140,426,680.4123558484349,673.3949075552997,673.3949075552997,0.7448280921666632,1.2452685168786253,4.489519266992357,2.7618070499851424,35.897730817787014,3.6052620026448032,6.027591217636,338.18293589701597,28.497652582159624,0.436325030722754
4.º EGB,Matemática,12129,426,678.4324346607305,671.6423335954879,671.6423335954879,0.5556313941591003,0.8717357503425985,3.1097594053680186,2.5648510948895513,32.639689807931155,3.5673188855061415,5.59680291297141,371.60279620833774,28.471830985915492,0.4268286317319166
7.º EGB,Ciencias Naturales,12253,415,689.0694523790092,680.2696511909672,680.2696511909672,0.4360496379882205,0.6308124329270542,1.66968247453415,2.253661573909731,15.789049576550656,2.646876293776582,3.8291110210238384,776.0441779977515,29.52530120481928,0.2105483153861234
7.º EGB,Estudios Sociales,12288,415,678.5608723958334,672.7380683861373,672.7380683861373,0.3397875741669431,0.4734730371396007,1.0265957801123138,2.1872708211543235,10.282790893736403,2.1682243751709733,3.02128699858792,1195.0063097641166,29.60963855421687,0.12936888154219714
7.º EGB,Lengua y Literatura,12279,415,692.128186334392,682.0633581566761,682.0633581566761,0.4919739222916778,0.708163518510791,1.7527440846843698,2.2059086836523196,13.513176535522533,2.4750556034999445,3.5626768112420724,908.6686588990966,29.587951807228915,0.17930281522023236
7.º EGB,Matemática,12286,415,691.6355201041836,685.1508145690818,685.1508145690818,0.4092945182005493,0.5514212777378251,1.5736540252415834,2.117884899656274,17.248599063612545,2.8538144768323246,3.8447962414940338,712.2897317451369,29.604819277108433,0.24975711256791916
10.º EGB,Ciencias Naturales,12215,379,691.9377814162915,685.8940158124756,685.8940158124756,0.3207870589723558,0.5144303204445452,1.2283163066463174,2.9040030416937688,16.556341884241572,2.387721442205948,3.8290706320299814,737.7837499010764,32.229551451187334,0.15053734258457668
10.º EGB,Estudios Sociales,12236,379,698.4476953252697,695.2394834373871,695.2394834373871,0.21512607234015216,0.34088882592970154,0.608259364425843,2.8043821969165967,8.928721518382805,1.7843335367973574,2.8274553512234353,1370.4089633446445,32.284960422163586,0.06980498428224438
10.º EGB,Lengua y Literatura,12245,379,694.6650877909351,687.5638023875113,687.5638023875113,0.4138286722883515,0.6976864756742782,1.7276675639849601,3.0702031533108216,18.826381881852814,2.4762807137909015,4.174837752134147,650.4170624416813,32.30870712401055,0.163914982281625
10.º EGB,Matemática,12216,379,696.8514243614931,695.5831666405057,695.5831666405057,0.1410481749651193,0.2082099808307652,0.38999439538666497,2.607736437755507,9.149078179919083,1.873082134826455,2.7649729993536547,1335.2164840838689,32.23218997361477,0.08031574750042121
3.º BGU,Lengua y Literatura,11752,353,679.8869979577944,669.64461690511,669.64461690511,0.4418262308796728,0.6543240467898138,1.52565811485783,2.551631763303753,13.872242883414318,2.3316552743902315,3.453072742694013,847.1593309579891,33.29178470254958,0.1373914870131503
3.º BGU,Matemática,11739,353,699.6921373200443,699.2177441701496,699.2177441701496,0.08111082488290944,0.1185997646445084,0.22453148366649736,2.521896719625885,9.03886988166893,1.8931865871699602,2.7682061425294116,1298.7243044406475,33.25495750708215,0.08011653567588312
