grado,campo,dominio,categoria,media,ee,li,ls,grado_txt
4,imat,sostenimiento,Particular,692.4876969090702,3.0405839740706795,686.528261827922,698.4471319902184,4.º EGB
4,imat,sostenimiento,Municipal,672.9281366038706,5.792883124781262,661.5742943126495,684.2819788950917,4.º EGB
4,imat,sostenimiento,Fiscomisional,678.436615529393,4.487923573216404,669.6404469605205,687.2327840982654,4.º EGB
4,imat,sostenimiento,Fiscal,665.5797465985635,4.099611297057606,657.5446561057171,673.6148370914099,4.º EGB
4,imat,area,Rural,677.0726545353867,3.6285330295018716,669.9608604808491,684.1844485899244,4.º EGB
4,imat,area,Urbana,670.225693275181,3.8049996535530517,662.7680309930297,677.6833555573323,4.º EGB
4,imat,regimen,Costa-Galápagos,666.7690422389946,4.923467892081909,657.1192224914747,676.4188619865146,4.º EGB
4,imat,regimen,Sierra-Amazonía,678.746901755225,2.651237915304978,673.5505709267802,683.9432325836699,4.º EGB
4,ilyl,sostenimiento,Particular,700.341743317031,4.05827625796997,692.3876680120959,708.2958186219662,4.º EGB
4,ilyl,sostenimiento,Municipal,665.959438653392,6.568996623071334,653.084441857607,678.834435449177,4.º EGB
4,ilyl,sostenimiento,Fiscomisional,682.2451499760803,6.562198918987301,669.3834764354775,695.106823516683,4.º EGB
4,ilyl,sostenimiento,Fiscal,665.6346074101849,5.930912744696354,654.0102320351305,677.2589827852394,4.º EGB
4,ilyl,area,Rural,676.0261277344985,4.87891230208098,666.4636353386903,685.5886201303066,4.º EGB
4,ilyl,area,Urbana,672.7084854019057,5.515321334476486,661.8986542231664,683.518316580645,4.º EGB
4,ilyl,regimen,Costa-Galápagos,666.0845038340668,7.095408796941103,652.1777581364736,679.9912495316601,4.º EGB
4,ilyl,regimen,Sierra-Amazonía,684.0524401618435,3.8766855721047224,676.4542760611322,691.6506042625548,4.º EGB
7,imat,sostenimiento,Particular,706.4410309465358,3.0862068624167924,700.3921766473585,712.489885245713,7.º EGB
7,imat,sostenimiento,Municipal,689.5763390854145,3.5208028398604836,682.6756923226216,696.4769858482074,7.º EGB
7,imat,sostenimiento,Fiscomisional,689.7864273183958,3.201198044884332,683.5121944430425,696.0606601937491,7.º EGB
7,imat,sostenimiento,Fiscal,679.3841121925094,1.950436434192666,675.561327027357,683.2068973576618,7.º EGB
7,imat,area,Rural,689.8698330564471,2.5614043945640437,684.8495726932589,694.8900934196353,7.º EGB
7,imat,area,Urbana,683.8874362402466,1.8744748986113235,680.2135329490441,687.5613395314492,7.º EGB
7,imat,regimen,Costa-Galápagos,677.58547278851,2.014930871836484,673.6362808483725,681.5346647286474,7.º EGB
7,imat,regimen,Sierra-Amazonía,695.4399911702691,2.43115091984428,690.6750229263929,700.2049594141453,7.º EGB
7,ilyl,sostenimiento,Particular,712.9197237402594,3.397891415210001,706.25997894307,719.5794685374489,7.º EGB
7,ilyl,sostenimiento,Municipal,691.6343923147236,3.009867770510194,685.7351598862958,697.5336247431514,7.º EGB
7,ilyl,sostenimiento,Fiscomisional,691.1394793895901,2.736099681423402,685.7768225558887,696.5021362232915,7.º EGB
7,ilyl,sostenimiento,Fiscal,673.4991665178683,2.176656919562719,669.2329973488254,677.7653356869112,7.º EGB
7,ilyl,area,Rural,687.4765079528572,3.105862817842145,681.3891286889645,693.5638872167499,7.º EGB
7,ilyl,area,Urbana,680.6141465959902,2.0611859371465857,676.5742963937424,684.6539967982379,7.º EGB
7,ilyl,regimen,Costa-Galápagos,672.2791714485272,2.1746374871647003,668.0169602942537,676.5413826028007,7.º EGB
7,ilyl,regimen,Sierra-Amazonía,695.3702552815046,2.8343381185271945,689.8150546491822,700.9254559138269,7.º EGB
10,imat,sostenimiento,Particular,702.2317794773218,1.0874968012213955,700.1003249136253,704.3632340410182,10.º EGB
10,imat,sostenimiento,Municipal,695.5652053760978,0.5824970132439525,694.4235322090375,696.706878543158,10.º EGB
10,imat,sostenimiento,Fiscomisional,695.8969746180858,0.5206286977318451,694.8765611212134,696.9173881149582,10.º EGB
10,imat,sostenimiento,Fiscal,694.0621960823457,0.45536605467058117,693.1696950154093,694.9546971492822,10.º EGB
10,imat,area,Rural,694.9835763808661,0.667220785277858,693.675847671985,696.2913050897472,10.º EGB
10,imat,area,Urbana,695.7362995810857,0.4586696389068535,694.8373236080263,696.6352755541452,10.º EGB
10,imat,regimen,Costa-Galápagos,694.1684140105355,0.5078692997498814,693.1730084741721,695.1638195468988,10.º EGB
10,imat,regimen,Sierra-Amazonía,697.7004896493793,0.5939245616911365,696.536418898931,698.8645603998276,10.º EGB
10,ilyl,sostenimiento,Particular,712.2629938254663,1.8470808993359322,708.642781786236,715.8832058646966,10.º EGB
10,ilyl,sostenimiento,Municipal,696.4775192585457,4.0351958481622345,688.5686807255822,704.3863577915092,10.º EGB
10,ilyl,sostenimiento,Fiscomisional,697.2830752338825,2.143711226698333,693.0814784362996,701.4846720314655,10.º EGB
10,ilyl,sostenimiento,Fiscal,681.0270675752423,2.2570263302708167,676.6033772557529,685.4507578947317,10.º EGB
10,ilyl,area,Rural,681.382059608467,2.076038910100654,677.3130981141659,685.4510211027681,10.º EGB
10,ilyl,area,Urbana,689.1425946240748,2.1008155530848165,685.02507180186694,693.2601174462827,10.º EGB
10,ilyl,regimen,Costa-Galápagos,679.6875304372163,2.5271417609215554,674.7344236019829,684.6406372724497,10.º EGB
10,ilyl,regimen,Sierra-Amazonía,699.3514545142633,2.0309790269356545,695.3708087681132,703.3321002604134,10.º EGB
3,imat,sostenimiento,Particular,701.3127801058331,0.6608364746961233,700.0175644157583,702.6079957959079,3.º BGU
3,imat,sostenimiento,Municipal,698.6648688580291,0.3180232663763202,698.0415547096857,699.2881830063725,3.º BGU
3,imat,sostenimiento,Fiscomisional,699.679436002551,0.40650535734230964,698.8827001426375,700.4761718624645,3.º BGU
3,imat,sostenimiento,Fiscal,698.6973939478246,0.2538519772161826,698.1998532150766,699.1949346805726,3.º BGU
3,imat,area,Rural,699.7278921292442,0.4721192038931662,698.8025554932038,700.6532287652846,3.º BGU
3,imat,area,Urbana,699.1038268280691,0.25395726181577327,698.6060797412978,699.6015739148405,3.º BGU
3,imat,regimen,Costa-Galápagos,699.1273655214427,0.3475898909646409,698.4461018537618,699.8086291891236,3.º BGU
3,imat,regimen,Sierra-Amazonía,699.3449141050988,0.23003372417878098,698.8940562904788,699.7957719197188,3.º BGU
3,ilyl,sostenimiento,Particular,705.4576329217122,2.9400848418025363,699.6951725202871,711.2200933231372,3.º BGU
3,ilyl,sostenimiento,Municipal,673.9019035004428,3.470610672064851,667.0996315788353,680.7041754220503,3.º BGU
3,ilyl,sostenimiento,Fiscomisional,684.1782329657127,2.4482973504795202,679.379658335328,688.9768075960974,3.º BGU
3,ilyl,sostenimiento,Fiscal,660.0162129163975,1.88453511410959,656.3225919651417,663.7098338676534,3.º BGU
3,ilyl,area,Rural,669.126942776228,2.1809439210376214,664.8523712386927,673.4015143137633,3.º BGU
3,ilyl,area,Urbana,669.7602148602364,1.8018153469490157,666.2287216734247,673.291708047048,3.º BGU
3,ilyl,regimen,Costa-Galápagos,660.5918329690489,2.256462695047466,656.1692473542977,665.0144185838002,3.º BGU
3,ilyl,regimen,Sierra-Amazonía,682.3826027125406,1.7526050376189384,678.947559959684,685.8176454653972,3.º BGU
