grado,campo,diseno,n,upm,media,ee,li,ls,deff,nombre,grado_txt
4,imat,ingenuo,12129,12129,678.4324346607305,0.5556313941591003,677.3433084457579,679.521560875703,Inf,Matemática,4.º EGB
4,imat,solo_pesos,12129,12129,671.6423335954879,0.8717357503425985,669.9335923900637,673.3510748009121,2.5648510948895513,Matemática,4.º EGB
4,imat,completo,12129,426,671.6423335954879,3.1097594053680186,665.5292716770832,677.7553955138926,32.639689807931155,Matemática,4.º EGB
4,ilyl,ingenuo,12140,12140,680.4123558484349,0.7448280921666632,678.9523740403779,681.8723376564919,Inf,Lengua y Literatura,4.º EGB
4,ilyl,solo_pesos,12140,12140,673.3949075552997,1.2452685168786253,670.9539827299479,675.8358323806515,2.7618070499851424,Lengua y Literatura,4.º EGB
4,ilyl,completo,12140,426,673.3949075552997,4.489519266992357,664.5695594542149,682.2202556563846,35.897730817787014,Lengua y Literatura,4.º EGB
4,icn,ingenuo,12088,12088,675.0353242885507,0.5569931910184269,673.9435283647448,676.1271202123565,Inf,Ciencias Naturales,4.º EGB
4,icn,solo_pesos,12088,12088,670.2743418356868,0.9194879457495139,668.4719980955014,672.0766855758721,2.72474971441552,Ciencias Naturales,4.º EGB
4,icn,completo,12088,426,670.2743418356868,3.4534170416335,663.4857291317142,677.0629545396594,38.4355049551834,Ciencias Naturales,4.º EGB
4,ies,ingenuo,12125,12125,685.088824742268,0.8898171107853993,683.3446411270372,686.8330083574988,Inf,Estudios Sociales,4.º EGB
4,ies,solo_pesos,12125,12125,678.2932790708803,1.4012204222238467,675.5466633088926,681.0398948328681,2.6015090252968576,Estudios Sociales,4.º EGB
4,ies,completo,12125,426,678.2932790708803,4.953364463372119,668.5561194640148,688.0304386777458,32.50970198660436,Estudios Sociales,4.º EGB
7,imat,ingenuo,12286,12286,691.6355201041836,0.4092945182005493,690.8332385457572,692.4378016626099,Inf,Matemática,7.º EGB
7,imat,solo_pesos,12286,12286,685.1508145690818,0.5514212777378251,684.069942232951,686.2316869052127,2.117884899656274,Matemática,7.º EGB
7,imat,completo,12286,415,685.1508145690818,1.5736540252415834,682.0571251665236,688.24450397164,17.248599063612545,Matemática,7.º EGB
7,ilyl,ingenuo,12279,12279,692.128186334392,0.4919739222916778,691.1638401003172,693.0925325684668,Inf,Lengua y Literatura,7.º EGB
7,ilyl,solo_pesos,12279,12279,682.0633581566761,0.708163518510791,680.6752463254556,683.4514699878966,2.2059086836523196,Lengua y Literatura,7.º EGB
7,ilyl,completo,12279,415,682.0633581566761,1.7527440846843698,678.6175907178313,685.509125595521,13.513176535522533,Lengua y Literatura,7.º EGB
7,icn,ingenuo,12253,12253,689.0694523790092,0.4360496379882205,688.2147263555626,689.9241784024559,Inf,Ciencias Naturales,7.º EGB
7,icn,solo_pesos,12253,12253,680.2696511909672,0.6308124329270542,679.0331593896575,681.506142992277,2.253661573909731,Ciencias Naturales,7.º EGB
7,icn,completo,12253,415,680.2696511909672,1.66968247453415,676.9871768387599,683.5521255431746,15.789049576550656,Ciencias Naturales,7.º EGB
7,ies,ingenuo,12288,12288,678.5608723958334,0.3397875741669431,677.894835378375,679.2269094132918,Inf,Estudios Sociales,7.º EGB
7,ies,solo_pesos,12288,12288,672.7380683861373,0.4734730371396007,671.809986862625,673.6661499096497,2.1872708211543235,Estudios Sociales,7.º EGB
7,ies,completo,12288,415,672.7380683861373,1.0265957801123138,670.7198557201374,674.7562810521373,10.282790893736403,Estudios Sociales,7.º EGB
10,imat,ingenuo,12216,12216,696.8514243614931,0.1410481749651193,696.5749476228872,697.1279011000989,Inf,Matemática,10.º EGB
10,imat,solo_pesos,12216,12216,695.5831666405057,0.2082099808307652,695.1750421365232,695.9912911444883,2.607736437755507,Matemática,10.º EGB
10,imat,completo,12216,379,695.5831666405057,0.38999439538666497,694.8162346122718,696.3500986687396,9.149078179919083,Matemática,10.º EGB
10,ilyl,ingenuo,12245,12245,694.6650877909351,0.4138286722883515,693.8539183105103,695.4762572713599,Inf,Lengua y Literatura,10.º EGB
10,ilyl,solo_pesos,12245,12245,687.5638023875113,0.6976864756742782,686.1962268330126,688.9313779420099,3.0702031533108216,Lengua y Literatura,10.º EGB
10,ilyl,completo,12245,379,687.5638023875113,1.7276675639849601,684.1663084628943,690.9612963121282,18.826381881852814,Lengua y Literatura,10.º EGB
10,icn,ingenuo,12215,12215,691.9377814162915,0.3207870589723558,691.308988022877,692.566574809706,Inf,Ciencias Naturales,10.º EGB
10,icn,solo_pesos,12215,12215,685.8940158124756,0.5144303204445452,684.885650986588,686.9023806383632,2.9040030416937688,Ciencias Naturales,10.º EGB
10,icn,completo,12215,379,685.8940158124756,1.2283163066463174,683.4785064423088,688.3095251826423,16.556341884241572,Ciencias Naturales,10.º EGB
10,ies,ingenuo,12236,12236,698.4476953252697,0.21512607234015216,698.0260142560206,698.8693763945188,Inf,Estudios Sociales,10.º EGB
10,ies,solo_pesos,12236,12236,695.2394834373871,0.34088882592970154,694.5712875137159,695.9076793610583,2.8043821969165967,Estudios Sociales,10.º EGB
10,ies,completo,12236,379,695.2394834373871,0.608259364425843,694.0433288424247,696.4356380323495,8.928721518382805,Estudios Sociales,10.º EGB
3,imat,ingenuo,11739,11739,699.6921373200443,0.08111082488290944,699.5331466302099,699.8511280098786,Inf,Matemática,3.º BGU
3,imat,solo_pesos,11739,11739,699.2177441701496,0.1185997646445084,698.9852689312127,699.4502194090865,2.521896719625885,Matemática,3.º BGU
3,imat,completo,11739,353,699.2177441701496,0.22453148366649736,698.7760843909788,699.6594039493203,9.03886988166893,Matemática,3.º BGU
3,ilyl,ingenuo,11752,11752,679.8869979577944,0.4418262308796728,679.0209452537104,680.7530506618784,Inf,Lengua y Literatura,3.º BGU
3,ilyl,solo_pesos,11752,11752,669.64461690511,0.6543240467898138,668.3620332320191,670.9272005782008,2.551631763303753,Lengua y Literatura,3.º BGU
3,ilyl,completo,11752,353,669.64461690511,1.52565811485783,666.6436042404496,672.6456295697703,13.872242883414318,Lengua y Literatura,3.º BGU
