grado,diseno,nivel,proporcion,ee,grado_txt
4,solo_pesos,Insuficiente,0.11901090157159737,0.005037542687059808,4.º EGB
4,solo_pesos,Elemental,0.6212288527904228,0.00686897618486812,4.º EGB
4,solo_pesos,Satisfactorio,0.22393601614543365,0.005580212176533097,4.º EGB
4,solo_pesos,Excelente,0.03582422949254606,0.002496446356513173,4.º EGB
4,completo,Insuficiente,0.11901090157159737,0.008046896486599365,4.º EGB
4,completo,Elemental,0.6212288527904228,0.015331472385040353,4.º EGB
4,completo,Satisfactorio,0.22393601614543365,0.014861943688969308,4.º EGB
4,completo,Excelente,0.03582422949254606,0.007247872147625883,4.º EGB
7,solo_pesos,Insuficiente,0.002225834713997464,8.341192609045207e-4,7.º EGB
7,solo_pesos,Elemental,0.7108097074658578,0.005962975993477909,7.º EGB
7,solo_pesos,Satisfactorio,0.2744748611913988,0.005879632834374885,7.º EGB
7,solo_pesos,Excelente,0.012489596628745823,9.769505324333867e-4,7.º EGB
7,completo,Insuficiente,0.002225834713997464,7.98040495287863e-4,7.º EGB
7,completo,Elemental,0.7108097074658578,0.014117270840043149,7.º EGB
7,completo,Satisfactorio,0.2744748611913988,0.013561683029455584,7.º EGB
7,completo,Excelente,0.012489596628745823,0.0026545560992879457,7.º EGB
10,solo_pesos,Insuficiente,1.3336469143838286e-4,9.174920662953757e-5,10.º EGB
10,solo_pesos,Elemental,0.6265920711272255,0.007525962516628016,10.º EGB
10,solo_pesos,Satisfactorio,0.37327456418133614,0.00752563733715011,10.º EGB
10,solo_pesos,Excelente,0,0,10.º EGB
10,completo,Insuficiente,1.3336469143838286e-4,9.170046350953808e-5,10.º EGB
10,completo,Elemental,0.6265920711272255,0.010928549502991387,10.º EGB
10,completo,Satisfactorio,0.37327456418133614,0.010931896621904838,10.º EGB
10,completo,Excelente,0,0,10.º EGB
3,solo_pesos,Insuficiente,0,0,3.º BGU
3,solo_pesos,Elemental,0.5860132616630822,0.007692979571952044,3.º BGU
3,solo_pesos,Satisfactorio,0.41398673833691774,0.007692979571952041,3.º BGU
3,solo_pesos,Excelente,0,0,3.º BGU
3,completo,Insuficiente,0,0,3.º BGU
3,completo,Elemental,0.5860132616630822,0.009247811973827028,3.º BGU
3,completo,Satisfactorio,0.41398673833691774,0.009247811973827028,3.º BGU
3,completo,Excelente,0,0,3.º BGU
