grado,campo,hajek_igual_svymean,completo_igual_pesos,ingenuo_igual_promedio,var_completo_a_mano,var_pesos_a_mano,ee_ingenuo_a_mano,sin_estratos_de_una_upm,N_hat
4,imat,TRUE,TRUE,TRUE,TRUE,TRUE,TRUE,TRUE,264730.99995
4,ilyl,TRUE,TRUE,TRUE,TRUE,TRUE,TRUE,TRUE,264730.999891
4,icn,TRUE,TRUE,TRUE,TRUE,TRUE,TRUE,TRUE,264730.999941
4,ies,TRUE,TRUE,TRUE,TRUE,TRUE,TRUE,TRUE,264730.99980499997
7,imat,TRUE,TRUE,TRUE,TRUE,TRUE,TRUE,TRUE,279469.000141
7,ilyl,TRUE,TRUE,TRUE,TRUE,TRUE,TRUE,TRUE,279468.99993499997
7,icn,TRUE,TRUE,TRUE,TRUE,TRUE,TRUE,TRUE,279468.999991
7,ies,TRUE,TRUE,TRUE,TRUE,TRUE,TRUE,TRUE,279469.000097
10,imat,TRUE,TRUE,TRUE,TRUE,TRUE,TRUE,TRUE,277440.000055
10,ilyl,TRUE,TRUE,TRUE,TRUE,TRUE,TRUE,TRUE,277440.000147
10,icn,TRUE,TRUE,TRUE,TRUE,TRUE,TRUE,TRUE,277440.000134
10,ies,TRUE,TRUE,TRUE,TRUE,TRUE,TRUE,TRUE,277439.99985100003
3,imat,TRUE,TRUE,TRUE,TRUE,TRUE,TRUE,TRUE,262829.000132
3,ilyl,TRUE,TRUE,TRUE,TRUE,TRUE,TRUE,TRUE,262829.000006
